{"cameraMode":{"drawMode":0,"name":"Shaded","section":"Shading Mode"},"sceneLighting":false,"audioPlay":false,"sceneViewState":{"showFog":true,"showMaterialUpdate":false,"showSkybox":true,"showFlares":true,"showImageEffects":true,"showParticleSystems":true},"in2DMode":false,"pivot":{"x":2.2806005477905275,"y":4.2833967208862309,"z":6.165823936462402},"rotation":{"x":-0.5147781372070313,"y":-0.050864722579717639,"z":0.030615001916885377,"w":-0.8552660942077637},"size":13.031984329223633,"orthographic":false}