{"cameraMode":{"drawMode":0,"name":"Shaded","section":"Shading Mode"},"sceneLighting":false,"audioPlay":false,"sceneViewState":{"showFog":true,"showMaterialUpdate":false,"showSkybox":true,"showFlares":true,"showImageEffects":true,"showParticleSystems":true},"in2DMode":false,"pivot":{"x":3.2303762435913088,"y":5.16879940032959,"z":5.366152763366699},"rotation":{"x":-0.22004011273384095,"y":0.7266842126846314,"z":-0.27005496621131899,"w":-0.5921007394790649},"size":7.414996147155762,"orthographic":false}