{"cameraMode":{"drawMode":0,"name":"Shaded","section":"Shading Mode"},"sceneLighting":false,"audioPlay":false,"sceneViewState":{"showFog":true,"showMaterialUpdate":false,"showSkybox":true,"showFlares":true,"showImageEffects":true,"showParticleSystems":true},"in2DMode":false,"pivot":{"x":4.667758941650391,"y":3.9943602085113527,"z":5.692394733428955},"rotation":{"x":-0.3079431354999542,"y":0.6194590330123901,"z":-0.2880876958370209,"w":-0.6621536612510681},"size":13.031984329223633,"orthographic":false}