{"cameraMode":{"drawMode":0,"name":"Shaded","section":"Shading Mode"},"sceneLighting":false,"audioPlay":false,"sceneViewState":{"showFog":true,"showMaterialUpdate":false,"showSkybox":true,"showFlares":true,"showImageEffects":true,"showParticleSystems":true},"in2DMode":false,"pivot":{"x":3.058411121368408,"y":5.465911388397217,"z":5.021853923797607},"rotation":{"x":-0.20090460777282716,"y":0.7458196878433228,"z":-0.25822293758392336,"w":-0.5802686214447022},"size":8.555264472961426,"orthographic":false}